镜头,时间(秒),内容,角色参考文件,分镜参考文件,生成指令
S01,00-04,镜前补妆,角色定妆/01_女主角_写实摄影定妆四视图.png,分镜示意/镜头参考/S01_00-04_镜前遮瑕.png,生成提示词/S01_00-04_镜前补妆.md
S02,04-06,涂防晒,角色定妆/01_女主角_写实摄影定妆四视图.png,分镜示意/镜头参考/S02_04-06_涂防晒.png,生成提示词/S02_04-06_涂防晒.md
S03,06-08,梳头掉发,角色定妆/01_女主角_写实摄影定妆四视图.png,分镜示意/镜头参考/S03_06-08_梳头掉发.png,生成提示词/S03_06-08_梳头掉发.md
S04,08-10,爬楼膝盖不适,角色定妆/01_女主角_写实摄影定妆四视图.png,分镜示意/镜头参考/S04_08-10_爬楼关节痛.png,生成提示词/S04_08-10_爬楼膝盖不适.md
S05,10-11,口腔不适示意,无,分镜示意/镜头参考/S05_10-11_口腔不适示意.png,生成提示词/S05_10-11_口腔不适示意.md
S06,11-12,泡沫尿示意,无,分镜示意/镜头参考/S06_11-12_泡沫尿示意.png,生成提示词/S06_11-12_泡沫尿示意.md
S07,12-17,正常免疫防护,角色定妆/05_免疫小卫士_角色动作.png,分镜示意/镜头参考/S07_12-17_免疫正常识别.png,生成提示词/S07_12-17_正常免疫防护.md
S08,17-22,免疫误伤自身,角色定妆/05_免疫小卫士_角色动作.png,分镜示意/镜头参考/S08_17-22_免疫误伤自身.png,生成提示词/S08_17-22_免疫误伤自身.md
S09,22-35,六个症状与就医提示,无,分镜示意/镜头参考/S09_22-35_症状清单.png,生成提示词/S09_22-35_六个症状与就医提示.md
S10,35-42,撑遮阳伞出门,角色定妆/01_女主角_写实摄影定妆四视图.png,分镜示意/镜头参考/S10_35-42_打伞户外.png,生成提示词/S10_35-42_撑遮阳伞出门.md
S11,42-46,医生沟通复查,角色定妆/04_风湿免疫科女医生_插画定妆.png,分镜示意/镜头参考/S11_42-46_诊室交流.png,生成提示词/S11_42-46_医生沟通复查.md
S12,46-48,复查日历,无,分镜示意/镜头参考/S12_46-48_复查日历.png,生成提示词/S12_46-48_复查日历.md
S13,48-56,防晒复查不断药,无,分镜示意/镜头参考/S13_48-56_三项健康提醒.png,生成提示词/S13_48-56_防晒复查不断药.md
S14,56-60,医生结束语,角色定妆/04_风湿免疫科女医生_插画定妆.png,分镜示意/镜头参考/S14_56-60_医生结束语.png,生成提示词/S14_56-60_医生结束语.md
